{
  "resources": [
    "audiosprite.ogg",
    "audiosprite.m4a",
    "audiosprite.mp3"
  ],
  "spritemap": {
    "dkd": {
      "start": 0,
      "end": 1.5151020408163265,
      "loop": false
    },
    "sound13": {
      "start": 3,
      "end": 4.462857142857143,
      "loop": false
    },
    "sound14": {
      "start": 6,
      "end": 7.044897959183674,
      "loop": false
    },
    "sound15": {
      "start": 9,
      "end": 9.940408163265307,
      "loop": false
    },
    "sound16": {
      "start": 11,
      "end": 11.417959183673469,
      "loop": false
    },
    "sound17": {
      "start": 13,
      "end": 14.044897959183674,
      "loop": false
    },
    "sound18": {
      "start": 16,
      "end": 16.522448979591836,
      "loop": false
    },
    "sound19": {
      "start": 18,
      "end": 19.98530612244898,
      "loop": false
    },
    "sound20": {
      "start": 21,
      "end": 21.522448979591836,
      "loop": false
    },
    "sound21": {
      "start": 23,
      "end": 24.462857142857143,
      "loop": false
    },
    "sound22": {
      "start": 26,
      "end": 27.044897959183672,
      "loop": false
    },
    "sound23": {
      "start": 29,
      "end": 29.731428571428573,
      "loop": false
    },
    "sound28": {
      "start": 31,
      "end": 31.41795918367347,
      "loop": false
    },
    "sound29": {
      "start": 33,
      "end": 33.73142857142857,
      "loop": false
    },
    "sound3": {
      "start": 35,
      "end": 38.55265306122449,
      "loop": false
    },
    "sound30": {
      "start": 40,
      "end": 41.98530612244898,
      "loop": false
    },
    "sound31": {
      "start": 43,
      "end": 44.776326530612245,
      "loop": false
    },
    "sound32": {
      "start": 46,
      "end": 47.98530612244898,
      "loop": false
    },
    "sound33": {
      "start": 49,
      "end": 50.98530612244898,
      "loop": false
    },
    "sound34": {
      "start": 52,
      "end": 53.98530612244898,
      "loop": false
    },
    "sound35": {
      "start": 55,
      "end": 56.98530612244898,
      "loop": false
    },
    "sound36": {
      "start": 58,
      "end": 59.98530612244898,
      "loop": false
    },
    "sound37": {
      "start": 61,
      "end": 62.98530612244898,
      "loop": false
    },
    "sound38": {
      "start": 64,
      "end": 64.6269387755102,
      "loop": false
    },
    "sound39": {
      "start": 66,
      "end": 66.3134693877551,
      "loop": false
    },
    "sound4": {
      "start": 68,
      "end": 72.4930612244898,
      "loop": false
    },
    "sound40": {
      "start": 74,
      "end": 74.3134693877551,
      "loop": false
    },
    "sound41": {
      "start": 76,
      "end": 76.52244897959184,
      "loop": false
    },
    "sound42": {
      "start": 78,
      "end": 78.9404081632653,
      "loop": false
    },
    "sound43": {
      "start": 80,
      "end": 80.52244897959184,
      "loop": false
    },
    "sound44": {
      "start": 82,
      "end": 82.3134693877551,
      "loop": false
    },
    "sound45": {
      "start": 84,
      "end": 84.73142857142857,
      "loop": false
    },
    "sound46": {
      "start": 86,
      "end": 86.73142857142857,
      "loop": false
    },
    "sound47": {
      "start": 88,
      "end": 88.6269387755102,
      "loop": false
    },
    "sound48": {
      "start": 90,
      "end": 90.41795918367347,
      "loop": false
    },
    "sound49": {
      "start": 92,
      "end": 92.83591836734693,
      "loop": false
    },
    "sound5": {
      "start": 94,
      "end": 97.55265306122449,
      "loop": false
    },
    "sound50": {
      "start": 99,
      "end": 99.73142857142857,
      "loop": false
    },
    "sound51": {
      "start": 101,
      "end": 101.20897959183674,
      "loop": false
    },
    "sound52": {
      "start": 103,
      "end": 103.52244897959184,
      "loop": false
    },
    "sound53": {
      "start": 105,
      "end": 105.73142857142857,
      "loop": false
    },
    "sound54": {
      "start": 107,
      "end": 107.9404081632653,
      "loop": false
    },
    "sound55": {
      "start": 109,
      "end": 109.3134693877551,
      "loop": false
    },
    "sound56": {
      "start": 111,
      "end": 111.73142857142857,
      "loop": false
    },
    "sound57": {
      "start": 113,
      "end": 113.83591836734693,
      "loop": false
    },
    "sound58": {
      "start": 115,
      "end": 115.9404081632653,
      "loop": false
    },
    "sound59": {
      "start": 117,
      "end": 117.3134693877551,
      "loop": false
    },
    "sound60": {
      "start": 119,
      "end": 119.9404081632653,
      "loop": false
    },
    "sound9": {
      "start": 121,
      "end": 121.20897959183674,
      "loop": false
    },
    "tkwd": {
      "start": 123,
      "end": 126.89224489795919,
      "loop": false
    }
  }
}